{"untrain_acc": {"train": 0.07700000703334808, "pool": 0.08366666734218597, "test": 0.08579999953508377}, "train_1000": {"train": 1.0, "pool": 0.36056411266326904, "test": 0.3624500036239624}, "train_1000_pool_5000": {"train": 0.9920000433921814, "pool": 0.4998205304145813, "test": 0.4273499846458435}, "train_1000_pool_39000": {"train": 0.9960000514984131, "pool": 0.994282066822052, "test": 0.616100013256073}, "train_1000_pool_query_100_iter_50_DiversityStrategy_seed_0": {"train": 0.9881666302680969, "pool": 0.47435295581817627, "test": 0.4817499816417694}, "train_1000_pool_query_100_iter_50_RandomStrategy_seed_0": {"train": 0.9863333106040955, "pool": 0.5091176629066467, "test": 0.5091999769210815}, "train_1000_pool_query_100_iter_50_RandomStrategy_seed_1": {"train": 0.9866666793823242, "pool": 0.5054118037223816, "test": 0.5090500116348267}, "train_1000_pool_query_100_iter_50_RandomStrategy_seed_2": {"train": 0.9883333444595337, "pool": 0.5074999928474426, "test": 0.5161499977111816}, "train_1000_pool_query_100_iter_50_RandomStrategy_seed_3": {"train": 0.9803333282470703, "pool": 0.5059705972671509, "test": 0.49549999833106995}, "train_1000_pool_query_100_iter_50_RandomStrategy_seed_4": {"train": 0.9826666712760925, "pool": 0.5147647261619568, "test": 0.5054500102996826}}