{"untrain_acc": {"train": 0.07700000703334808, "pool": 0.08366666734218597, "test": 0.08579999953508377}, "train_1000": {"train": 1.0, "pool": 0.36056411266326904, "test": 0.3624500036239624}, "train_1000_pool_5000": {"train": 0.9920000433921814, "pool": 0.4998205304145813, "test": 0.4273499846458435}, "train_1000_pool_39000": {"train": 0.9960000514984131, "pool": 0.994282066822052, "test": 0.616100013256073}}